{"coordonnees": [[48.5773944, 7.7521186], [48.5769949, 7.7668494], [48.5562166, 7.7405854], [48.5901859, 7.7403308], [48.603888, 7.7880134]], "demandes": [12, 4, 1.6, 3.6, 6]}